initial_capital,final_capital,total_return_pct,num_trades,num_wins,num_losses,win_rate_pct,avg_win,avg_loss,best_trade,worst_trade,avg_trade,total_fees,avg_hedged_return,max_drawdown_pct,profit_factor
10000.0,8041.495967061306,-19.58504032938694,726,294,432,40.49586776859504,16.0127905445551,-15.431167715365493,102.68333753870837,-192.03105814231296,-2.697663957215832,1306.8000000000002,-0.08976639572158317,-20.289318679457434,0.706206669906985
