{
  "rows_aligned": 657,
  "corr_normalized_levels": -0.8849507219295046,
  "corr_returns_strategy_vs_btc": 0.07533003640145775
}