{
  "split_date": "2025-05-16",
  "hybrid_rule": "high->baseline, low->variant, mid/unknown->baseline",
  "samples": {
    "FULL": {
      "ALL": {
        "baseline": {
          "ret": 0.17821212106393425,
          "sharpe": 0.3508880243866312,
          "mdd": -0.45705077574675623,
          "n": 1056,
          "active_ratio": 0.3446969696969697
        },
        "variant": {
          "ret": 0.43224250238202777,
          "sharpe": 0.5010990703983055,
          "mdd": -0.4683067884744506,
          "n": 1056,
          "active_ratio": 0.3020833333333333
        },
        "hybrid": {
          "ret": 0.30006229637490955,
          "sharpe": 0.42343927866370445,
          "mdd": -0.45705077574675623,
          "n": 1056,
          "active_ratio": 0.3446969696969697
        },
        "hybrid_minus_baseline_ret": 0.1218501753109753,
        "hybrid_minus_baseline_sharpe": 0.07255125427707326,
        "hybrid_minus_variant_ret": -0.13218020600711822,
        "hybrid_minus_variant_sharpe": -0.07765979173460102
      },
      "high": {
        "baseline": {
          "ret": 0.187657801066752,
          "sharpe": 0.60885888585368,
          "mdd": -0.44542894982873804,
          "n": 331,
          "active_ratio": 0.3595166163141994
        },
        "variant": {
          "ret": 0.2127883758170157,
          "sharpe": 0.6478297937552945,
          "mdd": -0.44542894982873793,
          "n": 331,
          "active_ratio": 0.3474320241691843
        },
        "hybrid": {
          "ret": 0.187657801066752,
          "sharpe": 0.60885888585368,
          "mdd": -0.44542894982873804,
          "n": 331,
          "active_ratio": 0.3595166163141994
        },
        "hybrid_minus_baseline_ret": 0.0,
        "hybrid_minus_baseline_sharpe": 0.0,
        "hybrid_minus_variant_ret": -0.0251305747502637,
        "hybrid_minus_variant_sharpe": -0.038970907901614504
      },
      "mid": {
        "baseline": {
          "ret": 0.006959216264120549,
          "sharpe": 0.2231299036403425,
          "mdd": -0.20489319698303254,
          "n": 222,
          "active_ratio": 0.26126126126126126
        },
        "variant": {
          "ret": -0.12569214348533597,
          "sharpe": -0.3650694642520735,
          "mdd": -0.2677974408215543,
          "n": 222,
          "active_ratio": 0.26126126126126126
        },
        "hybrid": {
          "ret": 0.006959216264120549,
          "sharpe": 0.2231299036403425,
          "mdd": -0.20489319698303254,
          "n": 222,
          "active_ratio": 0.26126126126126126
        },
        "hybrid_minus_baseline_ret": 0.0,
        "hybrid_minus_baseline_sharpe": 0.0,
        "hybrid_minus_variant_ret": 0.13265135974945652,
        "hybrid_minus_variant_sharpe": 0.588199367892416
      },
      "low": {
        "baseline": {
          "ret": 0.22412699055588337,
          "sharpe": 0.7730538463779485,
          "mdd": -0.2149812227807647,
          "n": 348,
          "active_ratio": 0.41954022988505746
        },
        "variant": {
          "ret": 0.3507256613176799,
          "sharpe": 1.0640143336692693,
          "mdd": -0.20458755762227,
          "n": 348,
          "active_ratio": 0.41954022988505746
        },
        "hybrid": {
          "ret": 0.3507256613176799,
          "sharpe": 1.0640143336692693,
          "mdd": -0.20458755762227,
          "n": 348,
          "active_ratio": 0.41954022988505746
        },
        "hybrid_minus_baseline_ret": 0.12659867076179654,
        "hybrid_minus_baseline_sharpe": 0.29096048729132085,
        "hybrid_minus_variant_ret": 0.0,
        "hybrid_minus_variant_sharpe": 0.0
      },
      "unknown": {
        "baseline": {
          "ret": -0.19518918146861042,
          "sharpe": -0.856380096974294,
          "mdd": -0.3650214557117616,
          "n": 155,
          "active_ratio": 0.2645161290322581
        },
        "variant": {
          "ret": 0.0,
          "sharpe": NaN,
          "mdd": 0.0,
          "n": 155,
          "active_ratio": 0.0
        },
        "hybrid": {
          "ret": -0.19518918146861042,
          "sharpe": -0.856380096974294,
          "mdd": -0.3650214557117616,
          "n": 155,
          "active_ratio": 0.2645161290322581
        },
        "hybrid_minus_baseline_ret": 0.0,
        "hybrid_minus_baseline_sharpe": 0.0,
        "hybrid_minus_variant_ret": -0.19518918146861042,
        "hybrid_minus_variant_sharpe": -0.856380096974294
      }
    },
    "IS_PRE_2024": {
      "ALL": {
        "baseline": {
          "ret": 0.41123419669388506,
          "sharpe": 0.8062673268298166,
          "mdd": -0.36826803557485,
          "n": 500,
          "active_ratio": 0.312
        },
        "variant": {
          "ret": 0.53858116740202,
          "sharpe": 1.1529431606394445,
          "mdd": -0.22309155440246375,
          "n": 500,
          "active_ratio": 0.222
        },
        "hybrid": {
          "ret": 0.41123419669388506,
          "sharpe": 0.8062673268298166,
          "mdd": -0.36826803557485,
          "n": 500,
          "active_ratio": 0.312
        },
        "hybrid_minus_baseline_ret": 0.0,
        "hybrid_minus_baseline_sharpe": 0.0,
        "hybrid_minus_variant_ret": -0.12734697070813494,
        "hybrid_minus_variant_sharpe": -0.34667583380962785
      },
      "high": {
        "baseline": {
          "ret": 0.29410976605502404,
          "sharpe": 2.4192199529484766,
          "mdd": -0.13924133781164216,
          "n": 113,
          "active_ratio": 0.3274336283185841
        },
        "variant": {
          "ret": 0.195807128333656,
          "sharpe": 1.8907734748728315,
          "mdd": -0.13924133781164227,
          "n": 113,
          "active_ratio": 0.2920353982300885
        },
        "hybrid": {
          "ret": 0.29410976605502404,
          "sharpe": 2.4192199529484766,
          "mdd": -0.13924133781164216,
          "n": 113,
          "active_ratio": 0.3274336283185841
        },
        "hybrid_minus_baseline_ret": 0.0,
        "hybrid_minus_baseline_sharpe": 0.0,
        "hybrid_minus_variant_ret": 0.09830263772136805,
        "hybrid_minus_variant_sharpe": 0.528446478075645
      },
      "mid": {
        "baseline": {
          "ret": 0.10864493270662767,
          "sharpe": 1.2073299301315668,
          "mdd": -0.14961264333296087,
          "n": 80,
          "active_ratio": 0.2125
        },
        "variant": {
          "ret": 0.05273140577934776,
          "sharpe": 0.7254811420704473,
          "mdd": -0.25105373357847927,
          "n": 80,
          "active_ratio": 0.2125
        },
        "hybrid": {
          "ret": 0.10864493270662767,
          "sharpe": 1.2073299301315668,
          "mdd": -0.14961264333296087,
          "n": 80,
          "active_ratio": 0.2125
        },
        "hybrid_minus_baseline_ret": 0.0,
        "hybrid_minus_baseline_sharpe": 0.0,
        "hybrid_minus_variant_ret": 0.05591352692727991,
        "hybrid_minus_variant_sharpe": 0.4818487880611194
      },
      "low": {
        "baseline": {
          "ret": 0.22219835544759947,
          "sharpe": 1.5469497970544899,
          "mdd": -0.14870822918751225,
          "n": 152,
          "active_ratio": 0.40131578947368424
        },
        "variant": {
          "ret": 0.22219835544759947,
          "sharpe": 1.5469497970544899,
          "mdd": -0.14870822918751225,
          "n": 152,
          "active_ratio": 0.40131578947368424
        },
        "hybrid": {
          "ret": 0.22219835544759947,
          "sharpe": 1.5469497970544899,
          "mdd": -0.14870822918751225,
          "n": 152,
          "active_ratio": 0.40131578947368424
        },
        "hybrid_minus_baseline_ret": 0.0,
        "hybrid_minus_baseline_sharpe": 0.0,
        "hybrid_minus_variant_ret": 0.0,
        "hybrid_minus_variant_sharpe": 0.0
      },
      "unknown": {
        "baseline": {
          "ret": -0.19518918146861042,
          "sharpe": -0.856380096974294,
          "mdd": -0.3650214557117616,