{
  "rule": "Trade only in low regime; force flat in non-low regimes",
  "results": {
    "FULL": {
      "baseline": {
        "ret": 0.17821212106393336,
        "sharpe": 0.3508880243866306,
        "mdd": -0.4570507757467569,
        "n": 1056,
        "active": 0.3446969696969697
      },
      "low_only_strict": {
        "ret": 0.20787202631175483,
        "sharpe": 0.3982030698660846,
        "mdd": -0.281817054169771,
        "n": 1056,
        "active": 0.13920454545454544
      },
      "delta_ret": 0.029659905247821472,
      "delta_sharpe": 0.04731504547945403
    },
    "IS_PRE_2024": {
      "baseline": {
        "ret": 0.4112341966938857,
        "sharpe": 0.806267326829816,
        "mdd": -0.3682680355748499,
        "n": 500,
        "active": 0.312
      },
      "low_only_strict": {
        "ret": 0.4299383904177878,
        "sharpe": 1.3103182177575503,
        "mdd": -0.1487082291875127,
        "n": 500,
        "active": 0.126
      },
      "delta_ret": 0.018704193723902085,
      "delta_sharpe": 0.5040508909277344
    },
    "IS_SPLIT_DATE": {
      "baseline": {
        "ret": 0.32214134293342456,
        "sharpe": 0.4859767539394451,
        "mdd": -0.4570507757467569,
        "n": 844,
        "active": 0.3187203791469194
      },
      "low_only_strict": {
        "ret": 0.1973790827389672,
        "sharpe": 0.46763528144235267,
        "mdd": -0.281817054169771,
        "n": 844,
        "active": 0.0947867298578199
      },
      "delta_ret": -0.12476226019445735,
      "delta_sharpe": -0.018341472497092448
    },
    "OOS_2024_PLUS": {
      "baseline": {
        "ret": -0.16511935168227565,
        "sharpe": 0.017450304348729264,
        "mdd": -0.44542894982873826,
        "n": 556,
        "active": 0.37410071942446044
      },
      "low_only_strict": {
        "ret": -0.155297854504872,
        "sharpe": -0.33517591671623886,
        "mdd": -0.28181705416977076,
        "n": 556,
        "active": 0.1510791366906475
      },
      "delta_ret": 0.00982149717740366,
      "delta_sharpe": -0.3526262210649681
    },
    "OOS_SPLIT_DATE": {
      "baseline": {
        "ret": -0.10886069226922213,
        "sharpe": -0.44887417957199316,
        "mdd": -0.17967083495916747,
        "n": 212,
        "active": 0.4481132075471698
      },
      "low_only_strict": {
        "ret": 0.008763259458972605,
        "sharpe": 0.19599546177050942,
        "mdd": -0.12091567199092923,
        "n": 212,
        "active": 0.3160377358490566
      },
      "delta_ret": 0.11762395172819473,
      "delta_sharpe": 0.6448696413425026
    }
  }
}