{
  "split_date": "2025-05-16",
  "monthly_corr_kappa_sd_vs_next_month_ret_full": 0.013782399890415135,
  "monthly_corr_kappa_sd_vs_next_month_ret_oos": 0.18985044823582145
}