sample,bucket,avg_next_month_ret,med_next_month_ret,count
FULL,Q1_low,0.030656032378382155,0.04854999075228528,11
FULL,Q2,-0.02161688709667111,-0.015475170666410465,11
FULL,Q3,0.00367386566922749,0.011168157159275216,11
FULL,Q4_high,0.018635284274412533,0.02446110163996429,12
OOS,Q1_low,0.0492600436197943,0.0492600436197943,2
OOS,Q2,-0.07481943452752937,-0.07481943452752937,2
OOS,Q3,-0.01822597069003451,-0.01822597069003451,2
OOS,Q4_high,0.016403449645720342,0.011168157159275216,3
