{
  "hypothesis": "higher_ou_kappa_implies_higher_return",
  "notes": "forward returns used to reduce same-bar bias; evaluated by regime and sample",
  "rows": [
    {
      "sample": "FULL",
      "regime": "high",
      "n": 232,
      "corr_same_day": -0.046851821926149666,
      "corr_fwd_1d": 0.013128627519225358,
      "corr_fwd_5d": 0.007239682301179172,
      "corr_fwd_10d": 0.01856321913545674,
      "corr_n_fwd_1d": 232,
      "corr_n_fwd_5d": 232,
      "corr_n_fwd_10d": 232,
      "q1_mean_1d": 0.0019684559060061577,
      "q4_mean_1d": 0.001924525452401246,
      "q4_minus_q1_1d": -4.393045360491163e-05,
      "q_count_1d": 58,
      "q1_mean_5d": -0.0012600070299603348,
      "q4_mean_5d": 0.006710471994024981,
      "q4_minus_q1_5d": 0.007970479023985316,
      "q_count_5d": 58,
      "q1_mean_10d": 0.0020952719076271545,
      "q4_mean_10d": 0.014080644510985335,
      "q4_minus_q1_10d": 0.01198537260335818,
      "q_count_10d": 58,
      "verdict": "supported"
    },
    {
      "sample": "FULL",
      "regime": "mid",
      "n": 318,
      "corr_same_day": 0.014955343520573846,
      "corr_fwd_1d": -0.03095808381756806,
      "corr_fwd_5d": -0.09361703651644594,
      "corr_fwd_10d": -0.1540660759603224,
      "corr_n_fwd_1d": 317,
      "corr_n_fwd_5d": 313,
      "corr_n_fwd_10d": 308,
      "q1_mean_1d": 0.0018546352473293587,
      "q4_mean_1d": 0.0013279824599470777,
      "q4_minus_q1_1d": -0.000526652787382281,
      "q_count_1d": 80,
      "q1_mean_5d": 0.010073625630227217,
      "q4_mean_5d": 0.0003345905161680774,
      "q4_minus_q1_5d": -0.009739035114059139,
      "q_count_5d": 80,
      "q1_mean_10d": 0.010960659858435327,
      "q4_mean_10d": -0.008526121130175101,
      "q4_minus_q1_10d": -0.01948678098861043,
      "q_count_10d": 80,
      "verdict": "not_supported"
    },
    {
      "sample": "FULL",
      "regime": "low",
      "n": 376,
      "corr_same_day": -0.12301524956945832,
      "corr_fwd_1d": -0.08469943232515931,
      "corr_fwd_5d": -0.14375339056147,
      "corr_fwd_10d": -0.06843861304066025,
      "corr_n_fwd_1d": 376,
      "corr_n_fwd_5d": 376,
      "corr_n_fwd_10d": 376,
      "q1_mean_1d": 0.0009242103012956062,
      "q4_mean_1d": -0.002975919719742792,
      "q4_minus_q1_1d": -0.003900130021038398,
      "q_count_1d": 94,
      "q1_mean_5d": 0.006789826744942207,
      "q4_mean_5d": -0.012069040130179492,
      "q4_minus_q1_5d": -0.0188588668751217,
      "q_count_5d": 94,
      "q1_mean_10d": 0.00833308622526364,
      "q4_mean_10d": -0.0025404539941438534,
      "q4_minus_q1_10d": -0.010873540219407493,
      "q_count_10d": 94,
      "verdict": "not_supported"
    },
    {
      "sample": "OOS_2024+",
      "regime": "high",
      "n": 184,
      "corr_same_day": -0.04611493735031181,
      "corr_fwd_1d": -0.013607263475477905,
      "corr_fwd_5d": 0.004480395717831535,
      "corr_fwd_10d": 0.057270754530559305,
      "corr_n_fwd_1d": 184,
      "corr_n_fwd_5d": 184,
      "corr_n_fwd_10d": 184,
      "q1_mean_1d": 0.004969554959022785,
      "q4_mean_1d": 0.0013856086270534473,
      "q4_minus_q1_1d": -0.0035839463319693376,
      "q_count_1d": 46,
      "q1_mean_5d": 0.014996976349989269,
      "q4_mean_5d": 0.012348485759100945,
      "q4_minus_q1_5d": -0.0026484905908883243,
      "q_count_5d": 46,
      "q1_mean_10d": 0.010591965659702513,
      "q4_mean_10d": 0.025044967147837254,
      "q4_minus_q1_10d": 0.014453001488134741,
      "q_count_10d": 46,
      "verdict": "not_supported"
    },
    {
      "sample": "OOS_2024+",
      "regime": "mid",
      "n": 189,
      "corr_same_day": -0.029744935455256607,
      "corr_fwd_1d": -0.029181409745407262,
      "corr_fwd_5d": -0.08282556724335577,
      "corr_fwd_10d": -0.130550603673222,
      "corr_n_fwd_1d": 188,
      "corr_n_fwd_5d": 184,
      "corr_n_fwd_10d": 179,
      "q1_mean_1d": -0.00010622137828384937,
      "q4_mean_1d": -0.0015213724290223925,
      "q4_minus_q1_1d": -0.001415151050738543,
      "q_count_1d": 47,
      "q1_mean_5d": 1.6372137675384434e-05,
      "q4_mean_5d": -0.0010267311331512959,
      "q4_minus_q1_5d": -0.0010431032708266804,
      "q_count_5d": 47,
      "q1_mean_10d": -0.0016438905659810256,
      "q4_mean_10d": 0.004505597546028861,
      "q4_minus_q1_10d": 0.0061494881120098864,
      "q_count_10d": 45,
      "verdict": "not_supported"
    },
    {
      "sample": "OOS_2024+",
      "regime": "low",
      "n": 183,
      "corr_same_day": -0.040090051427604884,
      "corr_fwd_1d": -0.01990390750421964,
      "corr_fwd_5d": -0.09202338779451483,
      "corr_fwd_10d": -0.0534551999146924,
      "corr_n_fwd_1d": 183,
      "corr_n_fwd_5d": 183,
      "corr_n_fwd_10d": 183,
      "q1_mean_1d": 0.0020374687707431097,
      "q4_mean_1d": -4.740573782314937e-05,
      "q4_minus_q1_1d": -0.002084874508566259,
      "q_count_1d": 46,
      "q1_mean_5d": 0.010950367104437017,
      "q4_mean_5d": -0.00801698215217642,
      "q4_minus_q1_5d": -0.018967349256613437,
      "q_count_5d": 46,
      "q1_mean_10d": 0.015961275834254662,
      "q4_mean_10d": -0.010423896694885361,
      "q4_minus_q1_10d": -0.026385172529140022,
      "q_count_10d": 46,
      "verdict": "not_supported"
    }
  ]
}