{
  "variant": {
    "direction_map": {
      "high": -1,
      "mid": 1,
      "low": -1
    },
    "beta_stability_quantile": 1.0,
    "beta_stability_threshold": 0.20623582816311758
  },
  "results": {
    "full": {
      "baseline": {
        "ret": 0.17821212106393336,
        "sharpe": 0.3508880243866306,
        "mdd": -0.4570507757467569,
        "n": 1056
      },
      "variant": {
        "ret": 0.4322425023820271,
        "sharpe": 0.5010990703983057,
        "mdd": -0.4683067884744514,
        "n": 1056
      },
      "delta_ret": 0.25403038131809375,
      "delta_sharpe": 0.15021104601167512
    },
    "oos_2024_plus": {
      "baseline": {
        "ret": -0.16511935168227565,
        "sharpe": 0.017450304348729264,
        "mdd": -0.44542894982873826,
        "n": 556
      },
      "variant": {
        "ret": -0.06911475798156974,
        "sharpe": 0.15780664819366796,
        "mdd": -0.4569258974626982,
        "n": 556
      },
      "delta_ret": 0.09600459370070591,
      "delta_sharpe": 0.1403563438449387
    },
    "oos_split_date": {
      "baseline": {
        "ret": -0.10886069226922213,
        "sharpe": -0.44887417957199316,
        "mdd": -0.17967083495916747,
        "n": 212
      },
      "variant": {
        "ret": -0.001579156068840737,
        "sharpe": 0.15474891203567942,
        "mdd": -0.21576382795137716,
        "n": 212
      },
      "delta_ret": 0.10728153620038139,
      "delta_sharpe": 0.6036230916076726
    }
  }
}