regime,corr_mstr_btc_ret,bars
high,0.7195126474556433,218
mid,0.7828172928508564,142
low,0.732260605307569,196
