scenario,cost_multiplier,spread_bps_per_side,slippage_bps_per_side,stop_extra_slippage_bps,train_return_pct,test_return_pct,train_daily_win_rate_pct,test_daily_win_rate_pct,train_position_win_rate_pct,test_position_win_rate_pct,test_max_drawdown_pct,portfolio_positive_ratio_pct,portfolio_median_return_pct,portfolio_worst_return_pct
low,0.5,1.0,1.5,4.0,-45.83466993752157,12.93197394926926,50.0,52.94117647058824,50.144508670520224,52.46548323471401,-27.57446699759361,73.33333333333333,16.76870624440332,-33.470286351070165
base,1.0,2.0,3.0,8.0,-52.75466993752151,10.396973949269261,49.13294797687861,52.54901960784314,49.638728323699425,52.071005917159766,-28.756846503354694,66.66666666666666,14.233706244403344,-36.00528635107014
high,2.0,4.0,6.0,16.0,-66.59466993752143,5.326973949269265,47.398843930635834,51.37254901960784,49.20520231213873,51.67652859960552,-31.203567656501864,60.0,9.163706244403347,-41.0752863510702
